Jméno,Příjmení,Datum narození,Rodné číslo
Jan,Novák,1990-05-12,900512/1234
Petr,Svoboda,1985-11-23,851123/5678
Anna,Novotná,1997-07-18,970718/8765
Eva,Králová,2000-03-14,000314/4321
Tomáš,Veselý,1992-09-30,920930/2345
Marie,Dvořáková,1988-12-07,881207/3456
Jiří,Procházka,1995-06-22,950622/5674
Alena,Černá,1993-01-19,930119/7890
Karel,Zelený,1984-10-15,841015/6543
Lucie,Horáková,1999-02-28,990228/1235
Václav,Havlíček,1986-04-10,860410/9876
Jana,Kučerová,1991-08-05,910805/4329
Michal,Němec,1994-03-12,940312/8910
Kateřina,Vojtová,1987-11-17,871117/3459
Zdeněk,Beneš,1996-09-09,960909/6548
Tereza,Šťastná,2001-07-25,010725/7812
Lukáš,Mareš,1989-05-30,890530/9087
Lenka,Fialová,1998-12-21,981221/2347
Radek,Krejčí,1993-06-06,930606/5672
Veronika,Hrubešová,1990-10-03,901003/8913
Filip,Doležal,1992-02-18,920218/6547
Barbora,Malá,1985-08-22,850822/3458
Ondřej,Bláha,1997-04-14,970414/4328
Eliška,Kolářová,2000-11-01,001101/1238
Martin,Urban,1994-12-31,941231/5673
